"Found","Response Code","Content Length"
"/","200","13828"
"/images/","200","4114"
"/assets/","200","1114"
"/audio/","200","1326"
"/css/","200","2114"
"/icons/","403","447"
"/index.htm","200","13830"
"/images/design/","200","4940"
"/images/fonts/","200","1788"
"/portfolio.htm","200","8690"
"/contact.php","302","183"
"/about.htm","200","14850"
"/assets/js/","200","3019"
"/news.htm","200","12892"
"/images/icon/","200","2141"
"/audio/bouton.mp3","200","4927"
"/audio/music.mp3","200","24831"
"/images/portfolio/","200","3166"
"/contact.htm","200","11543"
"/css/bootstrap.css","200","128840"
"/images/slider/","200","1582"
"/css/font.css","200","997"
"/js/","200","1938"
"/css/lightbox/","200","1774"
"/images/portfolio/tooltips/","200","2995"
"/images/thumbs/","200","2965"
"/assets/js/app.js","200","407"
"/images/fonts/fullscreen.eot","200","1624"
"/js/jquery-2.1.3.js","200","95509"
"/css/mobile.css","200","605"
"/js/app.js","200","2335"
"/assets/js/visuallightbox.js","200","16684"
"/css/lightbox/style.css","200","10510"
"/css/lightbox/style-gallery.css","200","12545"
"/assets/js/vlbdata.js","200","522"
"/css/lightbox/visuallightbox.css","200","6778"
"/images/fonts/fullscreen.svg","200","1383"
"/assets/js/html5shiv.js","200","2703"
"/assets/js/modernizr.js","200","8487"
"/images/fonts/fullscreen.ttf","200","1440"
"/css/reset.css","200","5775"
"/css/lightbox/vlightbox.css","200","1135"
"/assets/js/wowslider.js","200","25835"
"/assets/js/wowslider-gallery.js","200","25835"
"/javascript/","403","447"
"/js/bootstrap.js","200","63063"
"/assets/js/respond.min.js","200","4650"
"/js/cp.js","200","14997"
"/images/fonts/fullscreen.woff","200","1514"
"/css/style.css","200","6012"
"/assets/js/script-gallery.js","200","114466"
"/assets/js/script.js","200","124083"
"/js/jquery-ui.min.js","200","238598"
